Word,Term Frequency
paths,0.0296229802513465
higherorder,0.027827648114901255
path,0.014063435068821066
instances,0.013464991023339317
data,0.012567324955116697
number,0.009874326750448833
cooccurrence,0.008976660682226212
entities,0.007480550568521843
learning,0.00718132854578097
order,0.006582884500299222
class,0.0062836624775583485
table,0.005984440454817474
mining,0.005984440454817474
machine,0.005685218432076601
link,0.005685218432076601
patterns,0.005385996409335727
nodes,0.005086774386594853
also,0.005086774386594853
training,0.005086774386594853
bipartite,0.0047875523638539795
may,0.0047875523638539795
sets,0.0047875523638539795
two,0.0047875523638539795
labeled,0.004488330341113106
terms,0.004488330341113106
algorithm,0.004488330341113106
secondorder,0.004488330341113106
approach,0.004488330341113106
lsi,0.004488330341113106
links,0.004488330341113106
discover,0.004488330341113106
characteristics,0.004189108318372232
used,0.004189108318372232
supervised,0.004189108318372232
example,0.004189108318372232
graph,0.004189108318372232
different,0.004189108318372232
avps,0.0038898862956313583
algorithms,0.0038898862956313583
relations,0.0038898862956313583
set,0.0038898862956313583
noted,0.0038898862956313583
classes,0.0038898862956313583
thirdorder,0.003590664272890485
frequencies,0.003590664272890485
one,0.003590664272890485
decision,0.003291442250149611
analysis,0.003291442250149611
applications,0.003291442250149611
tree,0.003291442250149611
